product_code,customer_code,market_code,order_date,sales_qty,sales_amount,currency
Prod001,Cus001,Mark001,2017-10-10,100,41241,INR
Prod013,Cus001,Mark001,2017-10-10,240,143560,INR
Prod001,Cus001,Mark001,2017-10-10,100,41241,"INR"
Prod013,Cus001,Mark001,2017-10-10,240,143560,"INR"
Prod016,Cus001,Mark001,2018-06-28,187,115481,"INR"
Prod020,Cus001,Mark001,2017-10-10,140,153019,"INR"
Prod020,Cus001,Mark001,2017-10-25,47,51005,"INR"
Prod020,Cus001,Mark001,2017-11-14,47,51005,"INR"
Prod040,Cus001,Mark001,2018-01-05,240,168245,"INR"
Prod040,Cus001,Mark001,2018-01-12,167,104648,"INR"
Prod040,Cus001,Mark001,2018-01-15,240,168245,"INR"
Prod040,Cus001,Mark001,2018-01-30,193,135532,"INR"
Prod040,Cus001,Mark001,2018-02-12,40,28042,"INR"
Prod040,Cus001,Mark001,2018-02-13,40,25116,"INR"
Prod040,Cus001,Mark001,2018-04-03,480,336495,"INR"
Prod040,Cus001,Mark001,2018-04-27,120,75347,"INR"
Prod040,Cus001,Mark001,2018-04-30,120,84125,"INR"
Prod040,Cus001,Mark001,2018-05-16,160,100463,"INR"
Prod040,Cus001,Mark001,2018-08-15,400,251162,"INR"
Prod040,Cus001,Mark001,2018-10-11,40,28042,"INR"
Prod040,Cus001,Mark001,2019-05-28,80,50231,"INR"
Prod040,Cus001,Mark001,2019-06-07,80,50231,"INR"
Prod040,Cus001,Mark001,2019-06-19,40,25116,"INR"
Prod040,Cus001,Mark001,2019-06-26,120,75347,"INR"
Prod040,Cus001,Mark001,2019-07-11,40,25116,"INR"
Prod040,Cus001,Mark001,2019-08-19,40,28042,"INR"
Prod040,Cus001,Mark001,2019-08-28,40,28042,"INR"
Prod040,Cus001,Mark001,2019-10-30,240,168250,"INR"
Prod040,Cus001,Mark001,2019-11-25,40,28042,"INR"
Prod040,Cus001,Mark001,2019-12-18,40,28042,"INR"
Prod040,Cus001,Mark001,2020-01-17,40,25116,"INR"
Prod040,Cus001,Mark001,2020-01-21,80,56083,"INR"
Prod040,Cus001,Mark001,2020-01-28,40,25116,"INR"
Prod040,Cus001,Mark001,2020-02-13,40,25116,"INR"
Prod040,Cus001,Mark001,2020-04-15,40,28042,"INR"
Prod040,Cus001,Mark001,2020-04-23,40,28042,"INR"
Prod040,Cus001,Mark001,2020-05-15,40,28042,"INR"
Prod040,Cus001,Mark001,2020-06-11,40,28042,"INR"
Prod040,Cus001,Mark001,2020-06-18,40,25116,"INR"
Prod044,Cus001,Mark001,2018-11-08,120,75347,"INR"
Prod044,Cus001,Mark001,2018-12-18,120,75347,"INR"
Prod044,Cus001,Mark001,2019-02-07,160,100463,"INR"
Prod061,Cus001,Mark001,2019-08-13,44,7884,"INR"
Prod061,Cus001,Mark001,2019-09-11,24,4301,"INR"
Prod061,Cus001,Mark001,2019-10-11,13,2389,"INR"
Prod061,Cus001,Mark001,2019-11-14,72,12903,"INR"
Prod061,Cus001,Mark001,2019-12-10,48,8602,"INR"
Prod061,Cus001,Mark001,2020-01-17,184,32972,"INR"
Prod061,Cus001,Mark001,2020-02-13,348,62366,"INR"
Prod061,Cus001,Mark001,2020-02-27,1,241,"INR"
Prod061,Cus001,Mark001,2020-05-15,88,15769,"INR"
Prod062,Cus001,Mark001,2018-04-18,165,29569,"INR"
Prod062,Cus001,Mark001,2018-11-30,114,20431,"INR"
Prod062,Cus001,Mark001,2018-12-06,36,6449,"INR"
Prod062,Cus001,Mark001,2018-12-18,78,13977,"INR"
Prod062,Cus001,Mark001,2019-01-30,52,9319,"INR"
Prod065,Cus001,Mark001,2019-10-10,1,125,"INR"
Prod065,Cus001,Mark001,2019-11-20,42,7810,"INR"
Prod065,Cus001,Mark001,2019-12-10,90,17898,"INR"
Prod065,Cus001,Mark001,2020-01-17,42,7810,"INR"
Prod065,Cus001,Mark001,2020-01-20,107,21208,"INR"
Prod065,Cus001,Mark001,2020-02-21,16,2977,"INR"
Prod065,Cus001,Mark001,2020-05-21,213,42421,"INR"
Prod070,Cus001,Mark001,2020-02-12,530,315273,"INR"
Prod070,Cus001,Mark001,2020-03-12,53,31727,"INR"
Prod070,Cus001,Mark001,2020-03-19,60,35690,"INR"
Prod070,Cus001,Mark001,2020-04-06,127,75347,"INR"
Prod070,Cus001,Mark001,2020-05-15,53,31727,"INR"
Prod070,Cus001,Mark001,2020-05-21,47,27759,"INR"
Prod070,Cus001,Mark001,2020-06-11,133,79315,"INR"
Prod070,Cus001,Mark001,2020-06-16,150,89227,"INR"
Prod078,Cus001,Mark001,2018-08-28,381,0,"INR"
Prod090,Cus001,Mark001,2017-10-10,67,2685,"INR"
Prod090,Cus001,Mark001,2017-10-20,67,2685,"INR"
Prod090,Cus001,Mark001,2017-12-27,200,8051,"INR"
Prod090,Cus001,Mark001,2018-02-08,167,6708,"INR"
Prod090,Cus001,Mark001,2018-04-23,12,2046,"INR"
Prod090,Cus001,Mark001,2018-06-19,7,1134,"INR"
Prod090,Cus001,Mark001,2018-08-15,67,2685,"INR"
Prod090,Cus001,Mark001,2018-09-28,51,8745,"INR"
Prod090,Cus001,Mark001,2018-10-31,133,5366,"INR"
Prod090,Cus001,Mark001,2018-11-08,133,5366,"INR"
Prod090,Cus001,Mark001,2018-12-18,67,2685,"INR"
Prod090,Cus001,Mark001,2019-02-15,100,4023,"INR"
Prod090,Cus001,Mark001,2019-03-01,33,1343,"INR"
Prod090,Cus001,Mark001,2019-03-14,200,8051,"INR"
Prod090,Cus001,Mark001,2019-10-11,1,116,"INR"
Prod090,Cus001,Mark001,2019-10-18,67,2685,"INR"
Prod090,Cus001,Mark001,2019-11-13,7,1250,"INR"
Prod090,Cus001,Mark001,2020-05-15,33,1343,"INR"
Prod101,Cus001,Mark001,2017-12-11,50,9593,"INR"
Prod101,Cus001,Mark001,2017-12-27,3,639,"INR"
Prod101,Cus001,Mark001,2018-01-15,7,1843,"INR"
Prod101,Cus001,Mark001,2018-02-13,27,5116,"INR"
Prod101,Cus001,Mark001,2018-03-12,7,1843,"INR"
Prod101,Cus001,Mark001,2018-04-09,53,10231,"INR"
Prod101,Cus001,Mark001,2018-05-08,7,1843,"INR"
Prod101,Cus001,Mark001,2018-05-16,4,769,"INR"
Prod101,Cus001,Mark001,2018-05-30,23,4347,"INR"
Prod105,Cus001,Mark001,2017-11-06,77,9602,"INR"
Prod105,Cus001,Mark001,2017-12-11,12,1463,"INR"
Prod105,Cus001,Mark001,2018-04-18,12,1463,"INR"
Prod105,Cus001,Mark001,2018-05-16,23,2921,"INR"
Prod106,Cus001,Mark001,2017-10-20,9,6681,"INR"
Prod106,Cus001,Mark001,2017-10-25,19,13343,"INR"
Prod106,Cus001,Mark001,2017-11-03,19,13343,"INR"
Prod106,Cus001,Mark001,2017-12-27,9,6681,"INR"
Prod106,Cus001,Mark001,2018-01-15,19,38398,"INR"
Prod106,Cus001,Mark001,2018-03-22,9,6681,"INR"
Prod106,Cus001,Mark001,2018-04-11,19,13343,"INR"
Prod106,Cus001,Mark001,2018-05-15,28,20014,"INR"
Prod106,Cus001,Mark001,2018-06-27,9,6681,"INR"
Prod106,Cus001,Mark001,2018-07-30,19,13366,"INR"
Prod106,Cus001,Mark001,2018-09-05,28,20014,"INR"
Prod106,Cus001,Mark001,2018-09-28,56,40028,"INR"
Prod106,Cus001,Mark001,2018-10-31,9,6681,"INR"
Prod106,Cus001,Mark001,2019-01-10,28,20046,"INR"
Prod106,Cus001,Mark001,2019-04-11,9,6681,"INR"
Prod106,Cus001,Mark001,2019-11-14,9,6681,"INR"
Prod106,Cus001,Mark001,2020-02-21,9,6681,"INR"
Prod106,Cus001,Mark001,2020-03-12,9,6681,"INR"
Prod106,Cus001,Mark001,2020-05-18,19,13366,"INR"
Prod107,Cus001,Mark001,2017-12-13,400,316611,"INR"
Prod110,Cus001,Mark001,2017-10-10,1,1190,"INR"
Prod110,Cus001,Mark001,2017-10-25,1,1190,"INR"
Prod110,Cus001,Mark001,2017-11-14,3,2384,"INR"
Prod110,Cus001,Mark001,2018-01-10,1,1190,"INR"
Prod110,Cus001,Mark001,2018-04-11,3,2384,"INR"
Prod110,Cus001,Mark001,2018-05-15,1,1190,"INR"
Prod110,Cus001,Mark001,2018-06-28,3,2981,"INR"
Prod110,Cus001,Mark001,2018-07-13,1,1194,"INR"
Prod110,Cus001,Mark001,2018-08-21,8,7153,"INR"
Prod110,Cus001,Mark001,2018-09-28,1,1194,"INR"
Prod110,Cus001,Mark001,2018-10-10,1,1194,"INR"
Prod110,Cus001,Mark001,2018-11-08,1,1194,"INR"
Prod110,Cus001,Mark001,2019-01-10,1,1194,"INR"
Prod110,Cus001,Mark001,2019-02-07,1,1194,"INR"
Prod110,Cus001,Mark001,2019-07-11,1,1190,"INR"
Prod110,Cus001,Mark001,2019-08-12,1,1190,"INR"
Prod110,Cus001,Mark001,2019-08-13,1,1194,"INR"
Prod110,Cus001,Mark001,2019-10-11,1,1190,"INR"
Prod110,Cus001,Mark001,2019-11-15,4,3574,"INR"
Prod110,Cus001,Mark001,2020-03-03,1,1194,"INR"
Prod110,Cus001,Mark001,2020-06-11,3,2384,"INR"
Prod113,Cus001,Mark001,2017-11-06,12,1333,"INR"
Prod113,Cus001,Mark001,2017-12-11,6,667,"INR"
Prod113,Cus001,Mark001,2018-02-08,12,1333,"INR"
Prod113,Cus001,Mark001,2018-03-22,6,667,"INR"
Prod113,Cus001,Mark001,2018-05-18,6,667,"INR"
Prod113,Cus001,Mark001,2018-06-11,12,1333,"INR"
Prod113,Cus001,Mark001,2018-08-15,12,1333,"INR"
Prod113,Cus001,Mark001,2018-09-12,6,667,"INR"
Prod113,Cus001,Mark001,2018-10-31,6,667,"INR"
Prod113,Cus001,Mark001,2018-11-15,6,667,"INR"
Prod113,Cus001,Mark001,2018-12-06,6,667,"INR"
Prod113,Cus001,Mark001,2019-01-14,6,667,"INR"
Prod113,Cus001,Mark001,2019-02-15,6,667,"INR"
Prod113,Cus001,Mark001,2019-03-21,6,667,"INR"
Prod113,Cus001,Mark001,2019-05-28,6,667,"INR"
Prod113,Cus001,Mark001,2019-06-14,6,667,"INR"
Prod113,Cus001,Mark001,2019-10-11,24,2671,"INR"
Prod113,Cus001,Mark001,2020-02-13,6,667,"INR"
Prod113,Cus001,Mark001,2020-03-12,12,1333,"INR"
Prod113,Cus001,Mark001,2020-04-09,6,667,"INR"
Prod113,Cus001,Mark001,2020-06-12,6,667,"INR"
Prod117,Cus001,Mark001,2017-10-20,107,9704,"INR"
Prod117,Cus001,Mark001,2017-10-27,213,19412,"INR"
Prod117,Cus001,Mark001,2017-11-06,267,24264,"INR"
Prod117,Cus001,Mark001,2018-02-13,53,4852,"INR"
Prod117,Cus001,Mark001,2018-02-22,267,24264,"INR"
Prod117,Cus001,Mark001,2018-03-13,27,2426,"INR"
Prod117,Cus001,Mark001,2018-03-22,80,7278,"INR"
Prod117,Cus001,Mark001,2018-04-12,158,14407,"INR"
Prod117,Cus001,Mark001,2018-04-27,2,153,"INR"
Prod117,Cus001,Mark001,2018-05-16,160,14556,"INR"
Prod117,Cus001,Mark001,2018-05-30,107,9704,"INR"
Prod117,Cus001,Mark001,2018-06-27,53,4852,"INR"
Prod117,Cus001,Mark001,2018-07-30,160,14556,"INR"
Prod117,Cus001,Mark001,2018-09-12,53,4852,"INR"
Prod117,Cus001,Mark001,2018-09-28,53,4852,"INR"
Prod117,Cus001,Mark001,2018-10-31,160,14556,"INR"
Prod117,Cus001,Mark001,2018-11-08,107,9704,"INR"
Prod117,Cus001,Mark001,2018-11-15,213,19412,"INR"
Prod117,Cus001,Mark001,2018-11-30,373,33968,"INR"
Prod117,Cus001,Mark001,2018-12-06,53,4852,"INR"
Prod117,Cus001,Mark001,2018-12-18,53,4852,"INR"
Prod117,Cus001,Mark001,2019-01-30,53,4852,"INR"
Prod117,Cus001,Mark001,2019-02-07,160,14556,"INR"
Prod117,Cus001,Mark001,2019-02-15,160,14556,"INR"
Prod117,Cus001,Mark001,2019-03-01,107,9704,"INR"
Prod117,Cus001,Mark001,2019-03-21,213,19412,"INR"
Prod117,Cus001,Mark001,2019-03-29,107,9704,"INR"
Prod117,Cus001,Mark001,2019-04-11,213,19412,"INR"
Prod117,Cus001,Mark001,2019-06-26,160,14556,"INR"
Prod117,Cus001,Mark001,2019-07-29,53,4852,"INR"
Prod117,Cus001,Mark001,2019-08-13,107,9704,"INR"
Prod117,Cus001,Mark001,2019-08-20,213,19412,"INR"
Prod117,Cus001,Mark001,2019-08-27,107,9704,"INR"
Prod117,Cus001,Mark001,2019-10-11,480,43671,"INR"
Prod117,Cus001,Mark001,2019-11-14,160,14556,"INR"
Prod117,Cus001,Mark001,2019-12-18,160,14556,"INR"
Prod117,Cus001,Mark001,2020-01-20,107,9704,"INR"
Prod117,Cus001,Mark001,2020-02-13,107,9704,"INR"
Prod117,Cus001,Mark001,2020-03-12,320,29116,"INR"
Prod117,Cus001,Mark001,2020-04-09,160,14556,"INR"
Prod117,Cus001,Mark001,2020-05-18,107,9704,"INR"
Prod117,Cus001,Mark001,2020-06-12,213,19412,"INR"
Prod121,Cus001,Mark001,2019-10-10,1,56,"INR"
Prod126,Cus001,Mark001,2017-11-06,3,194,"INR"
Prod126,Cus001,Mark001,2017-12-11,1,65,"INR"
Prod126,Cus001,Mark001,2018-01-12,4,259,"INR"
Prod126,Cus001,Mark001,2018-02-13,2,130,"INR"
Prod126,Cus001,Mark001,2018-04-09,176,11505,"INR"
Prod126,Cus001,Mark001,2018-06-11,15,981,"INR"
Prod126,Cus001,Mark001,2018-11-15,8,523,"INR"
Prod126,Cus001,Mark001,2019-02-15,6,394,"INR"
Prod127,Cus001,Mark001,2020-04-09,3,194,"INR"
Prod127,Cus001,Mark001,2020-05-18,3,194,"INR"
Prod128,Cus001,Mark001,2019-08-13,1,347,"INR"
Prod128,Cus001,Mark001,2020-01-20,2,694,"INR"
Prod129,Cus001,Mark001,2017-10-20,48,10495,"INR"
Prod129,Cus001,Mark001,2017-11-06,48,10495,"INR"
Prod129,Cus001,Mark001,2018-02-08,6,2264,"INR"
Prod129,Cus001,Mark001,2018-02-13,96,20986,"INR"
Prod129,Cus001,Mark001,2018-03-20,6,2264,"INR"
Prod129,Cus001,Mark001,2018-04-12,96,20986,"INR"
Prod129,Cus001,Mark001,2018-04-18,6,2264,"INR"
Prod129,Cus001,Mark001,2018-05-08,6,2264,"INR"
Prod129,Cus001,Mark001,2018-06-11,48,10495,"INR"
Prod129,Cus001,Mark001,2018-06-19,6,2264,"INR"
Prod129,Cus001,Mark001,2018-08-15,96,20986,"INR"
Prod129,Cus001,Mark001,2018-09-12,48,10495,"INR"
Prod129,Cus001,Mark001,2018-10-10,48,10495,"INR"
Prod129,Cus001,Mark001,2018-11-15,48,10495,"INR"
Prod129,Cus001,Mark001,2018-12-18,48,10495,"INR"
Prod129,Cus001,Mark001,2019-01-30,48,10495,"INR"
Prod129,Cus001,Mark001,2019-02-15,48,10495,"INR"
Prod129,Cus001,Mark001,2019-04-18,48,10495,"INR"
Prod129,Cus001,Mark001,2019-05-13,48,10495,"INR"
Prod129,Cus001,Mark001,2019-06-14,96,20986,"INR"
Prod129,Cus001,Mark001,2019-08-13,48,10495,"INR"
Prod129,Cus001,Mark001,2019-11-14,48,10495,"INR"
Prod129,Cus001,Mark001,2019-12-18,48,10495,"INR"
Prod129,Cus001,Mark001,2020-01-20,48,10495,"INR"
Prod129,Cus001,Mark001,2020-03-12,96,20986,"INR"
Prod129,Cus001,Mark001,2020-04-09,48,10495,"INR"
Prod129,Cus001,Mark001,2020-05-18,48,10495,"INR"
Prod131,Cus001,Mark001,2019-10-10,1,88,"INR"
Prod133,Cus001,Mark001,2017-10-10,66,33231,"INR"
Prod133,Cus001,Mark001,2017-11-03,6,4736,"INR"
Prod133,Cus001,Mark001,2017-12-13,12,9468,"INR"
Prod133,Cus001,Mark001,2018-01-15,6,15833,"INR"
Prod133,Cus001,Mark001,2018-02-12,6,4736,"INR"
Prod133,Cus001,Mark001,2018-02-13,24,12083,"INR"
Prod133,Cus001,Mark001,2018-03-22,18,9065,"INR"
Prod133,Cus001,Mark001,2018-04-18,12,6042,"INR"
Prod133,Cus001,Mark001,2018-05-30,36,18125,"INR"
Prod133,Cus001,Mark001,2018-07-12,6,4736,"INR"
Prod133,Cus001,Mark001,2018-07-13,12,6042,"INR"
Prod133,Cus001,Mark001,2018-08-08,18,14204,"INR"
Prod133,Cus001,Mark001,2018-08-15,24,12083,"INR"
Prod133,Cus001,Mark001,2018-09-12,18,9065,"INR"
Prod133,Cus001,Mark001,2018-10-10,42,21148,"INR"
Prod133,Cus001,Mark001,2018-11-08,6,4736,"INR"
Prod133,Cus001,Mark001,2018-11-15,18,9065,"INR"
Prod133,Cus001,Mark001,2018-12-06,6,3023,"INR"
Prod133,Cus001,Mark001,2019-01-14,24,12083,"INR"
Prod133,Cus001,Mark001,2019-02-15,24,12083,"INR"
Prod133,Cus001,Mark001,2019-03-21,30,15106,"INR"
Prod133,Cus001,Mark001,2019-04-15,6,4736,"INR"
Prod133,Cus001,Mark001,2019-04-18,24,12083,"INR"
Prod133,Cus001,Mark001,2019-05-13,6,3023,"INR"
Prod133,Cus001,Mark001,2019-05-16,6,4736,"INR"
Prod133,Cus001,Mark001,2019-06-14,30,15106,"INR"
Prod133,Cus001,Mark001,2019-08-14,6,4736,"INR"
Prod133,Cus001,Mark001,2019-09-11,9,4431,"INR"
Prod133,Cus001,Mark001,2019-10-10,72,36250,"INR"
Prod133,Cus001,Mark001,2019-11-14,18,9065,"INR"
Prod133,Cus001,Mark001,2019-11-18,6,4736,"INR"
Prod133,Cus001,Mark001,2020-01-20,18,9065,"INR"
Prod133,Cus001,Mark001,2020-02-13,36,18125,"INR"
Prod133,Cus001,Mark001,2020-03-12,36,18125,"INR"
Prod133,Cus001,Mark001,2020-04-09,18,9065,"INR"
Prod133,Cus001,Mark001,2020-05-18,18,9065,"INR"
Prod134,Cus001,Mark001,2017-10-25,6,1787,"INR"
Prod134,Cus001,Mark001,2018-01-04,6,1787,"INR"
Prod157,Cus001,Mark001,2017-10-20,73,40634,"INR"
Prod157,Cus001,Mark001,2018-04-18,7,3694,"INR"
Prod157,Cus001,Mark001,2018-05-16,27,14778,"INR"
Prod157,Cus001,Mark001,2018-08-23,20,11083,"INR"
Prod157,Cus001,Mark001,2018-11-08,13,7389,"INR"
Prod157,Cus001,Mark001,2019-01-10,33,18472,"INR"
Prod159,Cus001,Mark001,2018-01-04,400,164972,"INR"
Prod159,Cus001,Mark001,2018-01-12,223,82500,"INR"
Prod159,Cus001,Mark001,2018-02-02,200,82486,"INR"
Prod159,Cus001,Mark001,2018-02-12,53,21995,"INR"
Prod159,Cus001,Mark001,2018-02-13,67,24625,"INR"
Prod159,Cus001,Mark001,2018-02-21,208,85921,"INR"
Prod159,Cus001,Mark001,2018-02-22,60,22167,"INR"
Prod159,Cus001,Mark001,2018-03-13,133,49255,"INR"
Prod159,Cus001,Mark001,2018-03-19,333,137477,"INR"
Prod159,Cus001,Mark001,2018-04-03,287,118227,"INR"
Prod159,Cus001,Mark001,2018-04-09,140,51718,"INR"
Prod159,Cus001,Mark001,2018-04-11,7,2750,"INR"
Prod159,Cus001,Mark001,2018-04-18,140,51718,"INR"
Prod159,Cus001,Mark001,2018-04-24,147,60491,"INR"
Prod159,Cus001,Mark001,2018-04-27,13,4926,"INR"
Prod159,Cus001,Mark001,2018-04-30,120,49491,"INR"
Prod159,Cus001,Mark001,2018-09-11,93,38495,"INR"
Prod159,Cus001,Mark001,2018-09-19,120,49491,"INR"
Prod159,Cus001,Mark001,2019-01-14,20,7389,"INR"
Prod159,Cus001,Mark001,2019-01-30,40,14778,"INR"
Prod159,Cus001,Mark001,2019-02-15,53,19704,"INR"
Prod159,Cus001,Mark001,2019-06-07,47,17241,"INR"
Prod159,Cus001,Mark001,2019-06-19,47,17241,"INR"
Prod159,Cus001,Mark001,2019-06-26,100,36940,"INR"
Prod159,Cus001,Mark001,2019-12-10,60,24458,"INR"
Prod159,Cus001,Mark001,2020-01-17,47,17241,"INR"
Prod159,Cus001,Mark001,2020-01-21,27,11000,"INR"
Prod159,Cus001,Mark001,2020-01-28,40,14778,"INR"
Prod159,Cus001,Mark001,2020-02-13,13,4926,"INR"
Prod159,Cus001,Mark001,2020-03-12,113,44162,"INR"
Prod159,Cus001,Mark001,2020-06-11,67,25778,"INR"
Prod162,Cus001,Mark001,2018-06-11,373,73940,"INR"
Prod162,Cus001,Mark001,2018-08-06,133,27431,"INR"
Prod162,Cus001,Mark001,2018-10-11,27,5486,"INR"
Prod162,Cus001,Mark001,2018-11-08,200,41144,"INR"
Prod162,Cus001,Mark001,2019-01-09,27,5486,"INR"
Prod162,Cus001,Mark001,2019-06-11,93,19199,"INR"
Prod162,Cus001,Mark001,2019-11-14,117,21495,"INR"
Prod162,Cus001,Mark001,2020-02-13,13,2458,"INR"
Prod192,Cus001,Mark001,2017-10-20,53,13787,"INR"
Prod197,Cus001,Mark001,2017-10-10,110,39778,"INR"
Prod197,Cus001,Mark001,2017-10-25,50,18551,"INR"
Prod197,Cus001,Mark001,2017-11-03,53,19787,"INR"
Prod197,Cus001,Mark001,2017-11-06,53,17722,"INR"
Prod227,Cus001,Mark001,2019-12-11,40,9556,"INR"
Prod227,Cus001,Mark001,2020-01-21,40,9556,"INR"
Prod229,Cus001,Mark001,2019-01-24,107,25481,"INR"
Prod229,Cus001,Mark001,2019-01-30,367,87083,"INR"
Prod229,Cus001,Mark001,2019-03-21,77,17130,"INR"
Prod229,Cus001,Mark001,2019-04-18,43,9681,"INR"
Prod232,Cus001,Mark001,2018-03-13,1,0,"INR"
Prod232,Cus001,Mark001,2018-04-09,1259,103972,"INR"
Prod232,Cus001,Mark001,2019-04-11,1,0,"INR"
Prod233,Cus001,Mark001,2020-04-30,72,16042,"INR"
Prod236,Cus001,Mark001,2018-03-13,1,0,"INR"
Prod236,Cus001,Mark001,2018-04-09,839,69333,"INR"
Prod236,Cus001,Mark001,2019-04-11,1,0,"INR"
Prod244,Cus001,Mark001,2019-04-26,240,15384,"INR"
Prod244,Cus001,Mark001,2019-05-13,152,9741,"INR"
Prod244,Cus001,Mark001,2019-06-11,160,10255,"INR"
Prod244,Cus001,Mark001,2019-06-14,128,8204,"INR"
Prod244,Cus001,Mark001,2019-07-29,672,43074,"INR"
Prod244,Cus001,Mark001,2019-08-13,272,17435,"INR"
Prod244,Cus001,Mark001,2019-12-10,72,4616,"INR"
Prod244,Cus001,Mark001,2020-03-12,224,14356,"INR"
Prod244,Cus001,Mark001,2020-05-20,80,5130,"INR"
Prod244,Cus001,Mark001,2020-05-25,96,6153,"INR"
Prod244,Cus001,Mark001,2020-06-12,248,15898,"INR"
Prod246,Cus001,Mark001,2018-04-03,264,16921,"INR"
Prod246,Cus001,Mark001,2018-06-11,16,1028,"INR"
Prod246,Cus001,Mark001,2018-07-13,80,5130,"INR"
Prod246,Cus001,Mark001,2018-07-30,80,5130,"INR"
Prod246,Cus001,Mark001,2018-08-23,64,4102,"INR"
Prod246,Cus001,Mark001,2018-09-28,32,2051,"INR"
Prod246,Cus001,Mark001,2018-10-31,40,2565,"INR"
Prod246,Cus001,Mark001,2018-12-18,72,4616,"INR"
Prod246,Cus001,Mark001,2019-01-14,64,4102,"INR"
Prod246,Cus001,Mark001,2019-02-15,120,7690,"INR"
Prod246,Cus001,Mark001,2019-03-14,88,5639,"INR"
Prod254,Cus001,Mark001,2017-11-16,75,8324,"INR"
Prod254,Cus001,Mark001,2017-12-11,65,7282,"INR"
Prod254,Cus001,Mark001,2018-01-12,56,6245,"INR"
Prod254,Cus001,Mark001,2018-02-13,19,2083,"INR"
Prod254,Cus001,Mark001,2018-03-13,28,3120,"INR"
Prod254,Cus001,Mark001,2018-03-22,47,5204,"INR"
Prod254,Cus001,Mark001,2018-04-09,37,4162,"INR"
Prod254,Cus001,Mark001,2018-05-30,121,13528,"INR"
Prod254,Cus001,Mark001,2018-06-11,47,5204,"INR"
Prod254,Cus001,Mark001,2018-07-30,28,3120,"INR"
Prod254,Cus001,Mark001,2018-08-23,56,6245,"INR"
Prod254,Cus001,Mark001,2018-09-12,65,7282,"INR"
Prod254,Cus001,Mark001,2018-10-10,37,4162,"INR"
Prod254,Cus001,Mark001,2018-10-22,7,745,"INR"
Prod254,Cus001,Mark001,2018-10-31,49,5500,"INR"
Prod254,Cus001,Mark001,2018-11-08,56,6245,"INR"
Prod254,Cus001,Mark001,2018-12-18,19,2083,"INR"
Prod254,Cus001,Mark001,2019-01-30,103,11444,"INR"
Prod254,Cus001,Mark001,2019-03-01,47,5204,"INR"
Prod254,Cus001,Mark001,2019-03-14,56,6241,"INR"
Prod254,Cus001,Mark001,2019-04-11,65,7282,"INR"
Prod254,Cus001,Mark001,2019-07-11,84,9366,"INR"
Prod254,Cus001,Mark001,2019-08-13,47,5204,"INR"
Prod254,Cus001,Mark001,2019-09-19,28,3120,"INR"
Prod254,Cus001,Mark001,2019-10-11,28,3120,"INR"
Prod254,Cus001,Mark001,2019-10-31,84,9366,"INR"
Prod254,Cus001,Mark001,2019-12-10,93,10407,"INR"
Prod254,Cus001,Mark001,2020-03-19,37,4162,"INR"
Prod254,Cus001,Mark001,2020-05-15,37,4162,"INR"
Prod254,Cus001,Mark001,2020-05-20,65,7282,"INR"
Prod261,Cus001,Mark001,2018-02-21,443,70611,"INR"
Prod261,Cus001,Mark001,2018-02-22,267,39722,"INR"
Prod261,Cus001,Mark001,2018-03-12,90,14333,"INR"
Prod261,Cus001,Mark001,2018-04-03,67,9931,"INR"
Prod263,Cus001,Mark001,2017-12-11,8,1079,"INR"
Prod263,Cus001,Mark001,2018-03-13,30,4042,"INR"
Prod263,Cus001,Mark001,2018-05-16,24,3231,"INR"
Prod263,Cus001,Mark001,2018-06-11,8,1079,"INR"
Prod263,Cus001,Mark001,2018-08-23,16,2157,"INR"
Prod263,Cus001,Mark001,2018-10-31,16,2157,"INR"
Prod263,Cus001,Mark001,2018-11-08,8,1079,"INR"
Prod263,Cus001,Mark001,2018-12-06,8,1079,"INR"
Prod263,Cus001,Mark001,2019-01-14,16,2157,"INR"
Prod263,Cus001,Mark001,2019-03-01,8,1079,"INR"
Prod263,Cus001,Mark001,2019-07-29,16,2157,"INR"
Prod263,Cus001,Mark001,2019-08-13,16,2157,"INR"
Prod263,Cus001,Mark001,2019-09-11,16,2157,"INR"
Prod263,Cus001,Mark001,2019-11-14,8,1079,"INR"
Prod263,Cus001,Mark001,2020-03-19,25,3366,"INR"
Prod263,Cus001,Mark001,2020-05-18,16,2157,"INR"
Prod263,Cus001,Mark001,2020-06-12,8,1079,"INR"
Prod264,Cus001,Mark001,2018-02-22,4,468,"INR"
Prod264,Cus001,Mark001,2018-03-13,37,4662,"INR"
Prod264,Cus001,Mark001,2018-03-22,4,468,"INR"
Prod264,Cus001,Mark001,2018-05-16,33,4199,"INR"
Prod264,Cus001,Mark001,2018-06-11,11,1398,"INR"
Prod264,Cus001,Mark001,2018-09-12,11,1398,"INR"
Prod264,Cus001,Mark001,2018-10-31,18,2333,"INR"
Prod264,Cus001,Mark001,2018-11-08,11,1398,"INR"
Prod264,Cus001,Mark001,2019-01-14,15,1866,"INR"
Prod264,Cus001,Mark001,2019-02-15,15,1866,"INR"
Prod264,Cus001,Mark001,2019-05-13,11,1398,"INR"
Prod264,Cus001,Mark001,2019-06-14,11,1398,"INR"
Prod264,Cus001,Mark001,2019-08-13,11,1398,"INR"
Prod264,Cus001,Mark001,2019-09-11,15,1866,"INR"
Prod264,Cus001,Mark001,2019-11-14,26,3264,"INR"
Prod264,Cus001,Mark001,2019-12-10,11,1398,"INR"
Prod264,Cus001,Mark001,2020-01-20,18,2333,"INR"
Prod264,Cus001,Mark001,2020-02-13,11,1398,"INR"
Prod264,Cus001,Mark001,2020-03-12,7,931,"INR"
Prod264,Cus001,Mark001,2020-04-09,4,468,"INR"
Prod264,Cus001,Mark001,2020-05-18,7,931,"INR"
Prod264,Cus001,Mark001,2020-06-12,7,931,"INR"
Prod265,Cus001,Mark001,2017-10-10,1,162,"INR"
Prod265,Cus001,Mark001,2017-11-16,1,481,"INR"
Prod265,Cus001,Mark001,2017-12-11,3,1042,"INR"
Prod265,Cus001,Mark001,2018-01-12,2,884,"INR"
Prod265,Cus001,Mark001,2018-03-13,2,801,"INR"
Prod265,Cus001,Mark001,2018-04-12,1,162,"INR"
Prod265,Cus001,Mark001,2018-05-18,2,884,"INR"
Prod265,Cus001,Mark001,2018-06-11,2,722,"INR"
Prod265,Cus001,Mark001,2018-08-15,3,1282,"INR"
Prod265,Cus001,Mark001,2018-08-23,13,5134,"INR"
Prod265,Cus001,Mark001,2018-09-12,1,162,"INR"
Prod265,Cus001,Mark001,2018-10-22,2,801,"INR"
Prod265,Cus001,Mark001,2018-11-08,1,560,"INR"
Prod265,Cus001,Mark001,2019-03-14,5,2005,"INR"
Prod265,Cus001,Mark001,2019-05-13,3,1282,"INR"
Prod265,Cus001,Mark001,2019-06-07,1,319,"INR"
Prod265,Cus001,Mark001,2019-10-11,6,2565,"INR"
Prod265,Cus001,Mark001,2020-02-21,1,162,"INR"
Prod265,Cus001,Mark001,2020-05-18,1,403,"INR"
Prod269,Cus001,Mark001,2017-12-11,2,491,"INR"
Prod269,Cus001,Mark001,2018-01-12,5,981,"INR"
Prod269,Cus001,Mark001,2018-04-18,5,981,"INR"
Prod269,Cus001,Mark001,2018-05-16,5,981,"INR"
Prod269,Cus001,Mark001,2018-05-30,2,491,"INR"
Prod269,Cus001,Mark001,2018-07-13,2,491,"INR"
Prod269,Cus001,Mark001,2018-10-10,2,491,"INR"
Prod269,Cus001,Mark001,2018-12-06,2,491,"INR"
Prod269,Cus001,Mark001,2019-01-14,2,491,"INR"
Prod269,Cus001,Mark001,2019-02-15,2,491,"INR"
Prod269,Cus001,Mark001,2019-03-21,7,1468,"INR"
Prod269,Cus001,Mark001,2019-05-13,7,1468,"INR"
Prod269,Cus001,Mark001,2019-06-14,2,491,"INR"
Prod269,Cus001,Mark001,2019-07-11,2,491,"INR"
Prod269,Cus001,Mark001,2019-10-11,2,491,"INR"
Prod269,Cus001,Mark001,2019-11-20,2,491,"INR"
Prod269,Cus001,Mark001,2019-12-10,2,491,"INR"
Prod269,Cus001,Mark001,2020-01-20,5,981,"INR"
Prod270,Cus001,Mark001,2018-02-13,5,981,"INR"
Prod270,Cus001,Mark001,2018-04-12,5,981,"INR"
Prod270,Cus001,Mark001,2018-05-16,7,1468,"INR"
Prod270,Cus001,Mark001,2018-09-12,2,491,"INR"
Prod270,Cus001,Mark001,2018-10-10,2,491,"INR"
Prod270,Cus001,Mark001,2018-12-06,5,981,"INR"
Prod270,Cus001,Mark001,2019-01-14,5,981,"INR"
Prod270,Cus001,Mark001,2019-02-15,2,491,"INR"
Prod270,Cus001,Mark001,2019-04-18,2,491,"INR"
Prod270,Cus001,Mark001,2019-05-28,5,981,"INR"
Prod270,Cus001,Mark001,2019-06-14,2,491,"INR"
Prod270,Cus001,Mark001,2019-09-11,2,491,"INR"
Prod270,Cus001,Mark001,2019-11-20,2,491,"INR"
Prod270,Cus001,Mark001,2019-12-10,2,491,"INR"
Prod270,Cus001,Mark001,2020-01-28,2,491,"INR"
Prod270,Cus001,Mark001,2020-04-09,7,1468,"INR"
Prod271,Cus001,Mark001,2017-11-16,13,2222,"INR"
Prod271,Cus001,Mark001,2017-12-11,26,4444,"INR"
Prod271,Cus001,Mark001,2018-02-13,26,4444,"INR"
Prod271,Cus001,Mark001,2018-03-22,13,2222,"INR"
Prod271,Cus001,Mark001,2018-04-09,38,6667,"INR"
Prod271,Cus001,Mark001,2018-05-16,26,4444,"INR"
Prod271,Cus001,Mark001,2018-06-11,26,4444,"INR"
Prod271,Cus001,Mark001,2018-08-15,38,6667,"INR"
Prod271,Cus001,Mark001,2018-09-28,23,3991,"INR"
Prod271,Cus001,Mark001,2018-10-10,3,449,"INR"
Prod271,Cus001,Mark001,2018-10-22,38,6667,"INR"
Prod271,Cus001,Mark001,2018-11-08,13,2222,"INR"
Prod271,Cus001,Mark001,2018-12-18,38,6667,"INR"
Prod271,Cus001,Mark001,2019-01-14,64,11111,"INR"
Prod271,Cus001,Mark001,2019-02-15,26,4444,"INR"
Prod271,Cus001,Mark001,2019-05-13,38,6667,"INR"
Prod271,Cus001,Mark001,2019-06-19,26,4444,"INR"
Prod271,Cus001,Mark001,2019-07-11,13,2222,"INR"
Prod271,Cus001,Mark001,2019-08-13,13,2222,"INR"
Prod271,Cus001,Mark001,2019-09-11,26,4444,"INR"
Prod271,Cus001,Mark001,2019-11-14,38,6667,"INR"
Prod271,Cus001,Mark001,2019-11-20,26,4444,"INR"
Prod271,Cus001,Mark001,2019-12-10,26,4444,"INR"
Prod271,Cus001,Mark001,2019-12-18,13,2222,"INR"
Prod271,Cus001,Mark001,2020-01-20,13,2222,"INR"
Prod271,Cus001,Mark001,2020-02-13,13,2222,"INR"
Prod271,Cus001,Mark001,2020-03-12,38,6667,"INR"
Prod271,Cus001,Mark001,2020-04-09,13,2222,"INR"
Prod271,Cus001,Mark001,2020-05-18,13,2222,"INR"
Prod271,Cus001,Mark001,2020-06-12,13,2222,"INR"
Prod273,Cus001,Mark001,2017-10-10,2,208,"INR"
Prod273,Cus001,Mark001,2017-12-11,2,227,"INR"
Prod273,Cus001,Mark001,2018-01-12,6,676,"INR"
Prod273,Cus001,Mark001,2018-04-09,4,449,"INR"
Prod273,Cus001,Mark001,2018-06-11,2,227,"INR"
Prod273,Cus001,Mark001,2018-08-15,4,454,"INR"
Prod273,Cus001,Mark001,2018-08-23,4,449,"INR"
Prod273,Cus001,Mark001,2018-09-12,2,227,"INR"
Prod273,Cus001,Mark001,2018-11-15,6,227,"INR"
Prod273,Cus001,Mark001,2019-01-14,2,227,"INR"
Prod273,Cus001,Mark001,2019-02-15,2,227,"INR"
Prod273,Cus001,Mark001,2019-03-21,8,903,"INR"
Prod273,Cus001,Mark001,2019-04-18,2,227,"INR"
Prod273,Cus001,Mark001,2019-05-13,4,449,"INR"
Prod273,Cus001,Mark001,2019-06-14,2,227,"INR"
Prod273,Cus001,Mark001,2019-09-11,4,449,"INR"
Prod273,Cus001,Mark001,2019-11-14,10,1125,"INR"
Prod273,Cus001,Mark001,2020-02-13,2,227,"INR"
Prod273,Cus001,Mark001,2020-03-12,4,449,"INR"
Prod273,Cus001,Mark001,2020-05-18,4,449,"INR"
Prod275,Cus001,Mark001,2018-02-08,1,657,"INR"
Prod275,Cus001,Mark001,2018-03-13,4,1972,"INR"
Prod275,Cus001,Mark001,2018-06-11,1,657,"INR"
Prod275,Cus001,Mark001,2018-08-15,2,1315,"INR"
Prod275,Cus001,Mark001,2018-08-23,2,1315,"INR"
Prod275,Cus001,Mark001,2018-10-22,1,657,"INR"
Prod275,Cus001,Mark001,2018-11-08,1,657,"INR"
Prod275,Cus001,Mark001,2019-01-14,2,1315,"INR"
Prod275,Cus001,Mark001,2019-04-11,1,657,"INR"
Prod275,Cus001,Mark001,2019-05-13,2,1315,"INR"
Prod275,Cus001,Mark001,2019-06-14,1,657,"INR"
Prod275,Cus001,Mark001,2019-08-13,2,1315,"INR"
Prod275,Cus001,Mark001,2019-11-14,2,1315,"INR"
Prod275,Cus001,Mark001,2020-01-17,1,657,"INR"
Prod275,Cus001,Mark001,2020-02-13,1,657,"INR"
Prod275,Cus001,Mark001,2020-04-09,1,657,"INR"
Prod275,Cus001,Mark001,2020-05-18,1,657,"INR"
Prod276,Cus001,Mark001,2018-05-18,5,1537,"INR"
Prod276,Cus001,Mark001,2018-09-12,2,769,"INR"
Prod276,Cus001,Mark001,2018-10-10,2,769,"INR"
Prod276,Cus001,Mark001,2019-02-15,2,769,"INR"
Prod276,Cus001,Mark001,2019-04-18,2,769,"INR"
Prod276,Cus001,Mark001,2019-05-13,2,769,"INR"
Prod276,Cus001,Mark001,2019-06-14,2,769,"INR"
Prod276,Cus001,Mark001,2019-11-14,2,769,"INR"
Prod276,Cus001,Mark001,2019-12-10,2,769,"INR"
Prod276,Cus001,Mark001,2020-06-18,2,769,"INR"
Prod278,Cus001,Mark001,2017-11-16,2,856,"INR"
Prod278,Cus001,Mark001,2017-12-11,2,856,"INR"
Prod278,Cus001,Mark001,2018-01-12,2,856,"INR"
Prod278,Cus001,Mark001,2018-04-18,2,856,"INR"
Prod278,Cus001,Mark001,2018-06-11,2,856,"INR"
Prod278,Cus001,Mark001,2018-07-30,2,856,"INR"
Prod278,Cus001,Mark001,2018-09-12,2,856,"INR"
Prod278,Cus001,Mark001,2018-10-22,2,856,"INR"
Prod278,Cus001,Mark001,2018-11-08,2,856,"INR"
Prod278,Cus001,Mark001,2018-12-06,2,856,"INR"
Prod278,Cus001,Mark001,2019-01-14,2,856,"INR"
Prod278,Cus001,Mark001,2019-03-21,5,1713,"INR"
Prod278,Cus001,Mark001,2019-04-18,2,856,"INR"
Prod278,Cus001,Mark001,2019-06-14,2,856,"INR"
Prod278,Cus001,Mark001,2019-07-11,2,856,"INR"
Prod278,Cus001,Mark001,2020-01-20,2,856,"INR"
Prod278,Cus001,Mark001,2020-02-13,2,856,"INR"
Prod278,Cus001,Mark001,2020-03-12,2,856,"INR"
Prod278,Cus001,Mark001,2020-05-18,2,856,"INR"
Prod279,Cus001,Mark001,2017-10-27,2,856,"INR"
Prod279,Cus001,Mark001,2018-02-13,2,856,"INR"
Prod279,Cus001,Mark001,2018-05-18,5,1713,"INR"
Prod279,Cus001,Mark001,2018-08-31,2,856,"INR"
Prod279,Cus001,Mark001,2018-10-10,5,1713,"INR"
Prod279,Cus001,Mark001,2019-01-14,5,1713,"INR"
Prod279,Cus001,Mark001,2019-03-21,2,856,"INR"
Prod279,Cus001,Mark001,2019-05-13,5,1713,"INR"
Prod279,Cus001,Mark001,2019-07-11,2,856,"INR"
Prod279,Cus001,Mark001,2019-11-14,2,856,"INR"
Prod279,Cus001,Mark001,2020-01-17,2,856,"INR"
Prod279,Cus001,Mark001,2020-04-09,2,856,"INR"
Prod279,Cus001,Mark001,2020-05-18,2,856,"INR"
Prod280,Cus001,Mark001,2017-11-06,5,463,"INR"
Prod280,Cus001,Mark001,2017-12-11,5,491,"INR"
Prod280,Cus001,Mark001,2018-01-26,5,491,"INR"
Prod280,Cus001,Mark001,2018-04-12,5,491,"INR"
Prod280,Cus001,Mark001,2018-05-16,5,491,"INR"
Prod280,Cus001,Mark001,2018-08-15,10,981,"INR"
Prod280,Cus001,Mark001,2018-10-10,5,491,"INR"
Prod280,Cus001,Mark001,2018-12-06,5,491,"INR"
Prod280,Cus001,Mark001,2019-01-14,5,491,"INR"
Prod280,Cus001,Mark001,2019-02-15,5,491,"INR"
Prod280,Cus001,Mark001,2019-04-18,5,491,"INR"
Prod280,Cus001,Mark001,2019-05-13,5,491,"INR"
Prod280,Cus001,Mark001,2019-06-14,5,491,"INR"
Prod280,Cus001,Mark001,2019-08-13,10,981,"INR"
Prod280,Cus001,Mark001,2019-11-14,10,981,"INR"
Prod280,Cus001,Mark001,2020-01-20,5,491,"INR"
Prod280,Cus001,Mark001,2020-05-18,10,981,"INR"
Prod281,Cus001,Mark001,2017-11-16,5,505,"INR"
Prod281,Cus001,Mark001,2017-12-11,5,505,"INR"
Prod281,Cus001,Mark001,2018-02-08,10,1014,"INR"
Prod281,Cus001,Mark001,2018-04-18,5,505,"INR"
Prod281,Cus001,Mark001,2018-05-16,10,1014,"INR"
Prod281,Cus001,Mark001,2018-07-30,5,505,"INR"
Prod281,Cus001,Mark001,2018-08-15,5,505,"INR"
Prod281,Cus001,Mark001,2018-10-10,10,1014,"INR"
Prod281,Cus001,Mark001,2018-11-08,5,505,"INR"
Prod281,Cus001,Mark001,2019-02-15,5,505,"INR"
Prod281,Cus001,Mark001,2019-03-21,5,505,"INR"
Prod281,Cus001,Mark001,2019-05-13,5,505,"INR"
Prod281,Cus001,Mark001,2019-06-14,5,505,"INR"
Prod281,Cus001,Mark001,2019-08-13,10,1014,"INR"
Prod281,Cus001,Mark001,2019-11-14,10,1014,"INR"
Prod281,Cus001,Mark001,2020-01-20,5,505,"INR"
Prod281,Cus001,Mark001,2020-03-12,5,505,"INR"
Prod281,Cus001,Mark001,2020-04-09,5,505,"INR"
Prod281,Cus001,Mark001,2020-05-18,10,1014,"INR"
Prod283,Cus001,Mark001,2018-01-12,5,356,"INR"
Prod283,Cus001,Mark001,2018-02-13,5,356,"INR"
Prod283,Cus001,Mark001,2018-03-22,5,356,"INR"
Prod283,Cus001,Mark001,2018-04-09,5,356,"INR"
Prod283,Cus001,Mark001,2018-05-16,5,356,"INR"
Prod283,Cus001,Mark001,2018-06-27,9,690,"INR"
Prod283,Cus001,Mark001,2018-08-31,9,713,"INR"
Prod283,Cus001,Mark001,2018-10-10,5,356,"INR"
Prod283,Cus001,Mark001,2019-01-14,5,356,"INR"
Prod283,Cus001,Mark001,2019-05-13,23,1782,"INR"
Prod283,Cus001,Mark001,2019-06-14,5,356,"INR"
Prod283,Cus001,Mark001,2019-10-11,14,1069,"INR"
Prod283,Cus001,Mark001,2020-01-20,9,713,"INR"
Prod283,Cus001,Mark001,2020-02-13,19,1426,"INR"
Prod286,Cus001,Mark001,2017-10-10,33,3556,"INR"
Prod286,Cus001,Mark001,2017-12-11,33,3556,"INR"
Prod286,Cus001,Mark001,2018-01-12,33,3556,"INR"
Prod286,Cus001,Mark001,2018-03-22,33,3556,"INR"
Prod286,Cus001,Mark001,2018-04-09,33,3556,"INR"
Prod286,Cus001,Mark001,2018-06-11,33,3556,"INR"
Prod286,Cus001,Mark001,2018-07-30,33,3556,"INR"
Prod286,Cus001,Mark001,2018-09-12,33,3556,"INR"
Prod286,Cus001,Mark001,2018-10-31,33,3556,"INR"
Prod286,Cus001,Mark001,2018-11-08,33,3556,"INR"
Prod286,Cus001,Mark001,2019-01-14,33,3556,"INR"
Prod286,Cus001,Mark001,2019-03-21,33,3556,"INR"
Prod286,Cus001,Mark001,2019-04-11,33,3556,"INR"
Prod286,Cus001,Mark001,2019-05-28,33,3556,"INR"
Prod286,Cus001,Mark001,2019-08-13,33,3556,"INR"
Prod286,Cus001,Mark001,2019-10-11,17,1796,"INR"
Prod286,Cus001,Mark001,2019-11-14,66,7111,"INR"
Prod286,Cus001,Mark001,2020-01-17,33,3556,"INR"
Prod286,Cus001,Mark001,2020-02-13,33,3556,"INR"
Prod286,Cus001,Mark001,2020-04-09,33,3556,"INR"
Prod286,Cus001,Mark001,2020-06-12,33,3556,"INR"
Prod288,Cus001,Mark001,2017-11-16,21,3495,"INR"
Prod288,Cus001,Mark001,2017-12-11,21,3495,"INR"
Prod288,Cus001,Mark001,2018-01-26,85,13981,"INR"
Prod288,Cus001,Mark001,2018-05-16,21,3495,"INR"
Prod288,Cus001,Mark001,2018-06-11,21,3495,"INR"
Prod288,Cus001,Mark001,2018-07-30,21,3495,"INR"
Prod288,Cus001,Mark001,2018-08-15,21,3495,"INR"
Prod288,Cus001,Mark001,2018-08-31,43,6991,"INR"
Prod288,Cus001,Mark001,2018-10-10,43,6991,"INR"
Prod288,Cus001,Mark001,2018-11-08,21,3495,"INR"
Prod288,Cus001,Mark001,2018-12-18,21,3495,"INR"
Prod288,Cus001,Mark001,2019-01-14,21,3495,"INR"
Prod288,Cus001,Mark001,2019-02-15,21,3495,"INR"
Prod288,Cus001,Mark001,2019-03-21,21,3495,"INR"
Prod288,Cus001,Mark001,2019-04-26,21,3495,"INR"
Prod288,Cus001,Mark001,2019-05-13,21,3495,"INR"
Prod288,Cus001,Mark001,2019-07-11,43,6991,"INR"
Prod288,Cus001,Mark001,2019-09-19,43,6991,"INR"
Prod288,Cus001,Mark001,2019-10-11,21,3495,"INR"
Prod288,Cus001,Mark001,2019-11-14,64,10486,"INR"
Prod288,Cus001,Mark001,2020-01-17,21,3495,"INR"
Prod288,Cus001,Mark001,2020-02-13,21,3495,"INR"
Prod288,Cus001,Mark001,2020-03-12,21,3495,"INR"
Prod288,Cus001,Mark001,2020-04-23,21,3495,"INR"
Prod288,Cus001,Mark001,2020-06-12,43,6991,"INR"
Prod290,Cus001,Mark001,2017-10-10,5,1431,"INR"
Prod290,Cus001,Mark001,2017-12-11,2,745,"INR"
Prod290,Cus001,Mark001,2018-01-12,2,745,"INR"
Prod290,Cus001,Mark001,2018-03-22,2,745,"INR"
Prod290,Cus001,Mark001,2018-04-09,2,745,"INR"
Prod290,Cus001,Mark001,2018-05-16,5,1486,"INR"
Prod290,Cus001,Mark001,2018-06-11,2,745,"INR"
Prod290,Cus001,Mark001,2018-07-30,2,745,"INR"
Prod290,Cus001,Mark001,2018-10-22,5,1486,"INR"
Prod290,Cus001,Mark001,2018-12-06,2,745,"INR"
Prod290,Cus001,Mark001,2019-02-15,2,745,"INR"
Prod290,Cus001,Mark001,2019-03-21,2,745,"INR"
Prod290,Cus001,Mark001,2019-04-18,5,1486,"INR"
Prod290,Cus001,Mark001,2019-05-13,7,2231,"INR"
Prod290,Cus001,Mark001,2019-06-14,5,1486,"INR"
Prod290,Cus001,Mark001,2020-01-20,2,745,"INR"
Prod290,Cus001,Mark001,2020-04-09,5,1486,"INR"
Prod290,Cus001,Mark001,2020-05-18,2,745,"INR"
Prod292,Cus001,Mark001,2017-10-20,58,20505,"INR"
Prod292,Cus001,Mark001,2018-04-12,19,6833,"INR"
Prod292,Cus001,Mark001,2018-06-11,19,6833,"INR"
Prod292,Cus001,Mark001,2018-08-15,38,13671,"INR"
Prod292,Cus001,Mark001,2018-11-15,38,13667,"INR"
Prod292,Cus001,Mark001,2019-02-15,19,6833,"INR"
Prod292,Cus001,Mark001,2019-04-18,19,6833,"INR"
Prod292,Cus001,Mark001,2019-06-14,19,6833,"INR"
Prod292,Cus001,Mark001,2019-08-13,19,6833,"INR"
Prod292,Cus001,Mark001,2019-11-20,38,13671,"INR"
Prod292,Cus001,Mark001,2020-01-17,19,6833,"INR"
Prod292,Cus001,Mark001,2020-03-12,19,6833,"INR"
Prod292,Cus001,Mark001,2020-06-12,19,6833,"INR"
Prod294,Cus001,Mark001,2018-03-13,13,1213,"INR"
Prod294,Cus001,Mark001,2018-04-12,96,8736,"INR"
Prod294,Cus001,Mark001,2018-07-30,32,2912,"INR"
Prod294,Cus001,Mark001,2018-08-15,32,2912,"INR"
Prod294,Cus001,Mark001,2018-10-10,32,2912,"INR"
Prod294,Cus001,Mark001,2018-11-08,32,2912,"INR"
Prod294,Cus001,Mark001,2019-02-15,32,2912,"INR"
Prod294,Cus001,Mark001,2019-03-21,32,2912,"INR"
Prod294,Cus001,Mark001,2019-05-13,64,5824,"INR"
Prod294,Cus001,Mark001,2019-06-14,32,2912,"INR"
Prod294,Cus001,Mark001,2019-10-10,64,5824,"INR"
Prod294,Cus001,Mark001,2019-11-14,32,2912,"INR"
Prod294,Cus001,Mark001,2019-12-10,32,2912,"INR"
Prod294,Cus001,Mark001,2020-01-20,32,2912,"INR"
Prod294,Cus001,Mark001,2020-05-18,64,5824,"INR"
Prod295,Cus001,Mark001,2017-10-27,77,7431,"INR"
Prod295,Cus001,Mark001,2018-05-16,72,7347,"INR"
Prod295,Cus001,Mark001,2018-05-30,5,491,"INR"
Prod295,Cus001,Mark001,2018-08-31,38,3917,"INR"
Prod295,Cus001,Mark001,2018-10-31,38,3917,"INR"
Prod295,Cus001,Mark001,2019-01-14,38,3917,"INR"
Prod295,Cus001,Mark001,2019-03-14,38,3917,"INR"
Prod295,Cus001,Mark001,2019-06-07,38,3917,"INR"
Prod295,Cus001,Mark001,2019-10-11,77,7833,"INR"
Prod295,Cus001,Mark001,2020-01-17,38,3917,"INR"
Prod295,Cus001,Mark001,2020-05-20,38,3917,"INR"
Prod296,Cus001,Mark001,2018-04-09,2,935,"INR"
Prod296,Cus001,Mark001,2018-05-18,12,4681,"INR"
Prod296,Cus001,Mark001,2018-07-13,2,935,"INR"
Prod296,Cus001,Mark001,2018-08-23,2,935,"INR"
Prod296,Cus001,Mark001,2018-12-18,7,2806,"INR"
Prod296,Cus001,Mark001,2019-02-15,2,935,"INR"
Prod296,Cus001,Mark001,2019-04-26,7,2810,"INR"
Prod296,Cus001,Mark001,2019-07-29,12,4681,"INR"
Prod296,Cus001,Mark001,2019-08-13,5,1870,"INR"
Prod296,Cus001,Mark001,2020-01-17,12,4681,"INR"
Prod296,Cus001,Mark001,2020-04-09,7,2810,"INR"
Prod296,Cus001,Mark001,2020-06-12,2,935,"INR"
Prod297,Cus001,Mark001,2017-10-27,19,6833,"INR"
Prod297,Cus001,Mark001,2017-12-27,19,6833,"INR"
Prod297,Cus001,Mark001,2018-01-26,19,6833,"INR"
Prod297,Cus001,Mark001,2018-02-22,19,6833,"INR"
Prod297,Cus001,Mark001,2018-05-16,19,6833,"INR"
Prod297,Cus001,Mark001,2018-06-11,19,6833,"INR"
Prod297,Cus001,Mark001,2018-08-15,19,6833,"INR"
Prod297,Cus001,Mark001,2018-10-22,38,13671,"INR"
Prod297,Cus001,Mark001,2018-12-18,19,6833,"INR"
Prod297,Cus001,Mark001,2019-02-15,19,6833,"INR"
Prod297,Cus001,Mark001,2019-04-18,19,6833,"INR"
Prod297,Cus001,Mark001,2019-06-14,19,6833,"INR"
Prod297,Cus001,Mark001,2019-07-11,19,6833,"INR"
Prod297,Cus001,Mark001,2019-10-11,19,6833,"INR"
Prod297,Cus001,Mark001,2019-11-14,19,6833,"INR"
Prod297,Cus001,Mark001,2020-01-17,19,6833,"INR"
Prod297,Cus001,Mark001,2020-02-13,19,6833,"INR"
Prod297,Cus001,Mark001,2020-04-09,19,6833,"INR"
Prod297,Cus001,Mark001,2020-06-12,19,6833,"INR"
Prod298,Cus001,Mark001,2018-03-13,5,3028,"INR"
Prod298,Cus001,Mark001,2018-04-18,5,3028,"INR"
Prod298,Cus001,Mark001,2018-07-13,2,1514,"INR"
Prod298,Cus001,Mark001,2018-08-15,5,3028,"INR"
Prod298,Cus001,Mark001,2018-09-12,2,1514,"INR"
Prod298,Cus001,Mark001,2018-10-10,2,1514,"INR"
Prod298,Cus001,Mark001,2018-12-06,2,1514,"INR"
Prod298,Cus001,Mark001,2019-01-14,2,1514,"INR"
Prod298,Cus001,Mark001,2019-02-15,2,1514,"INR"
Prod298,Cus001,Mark001,2019-03-29,2,1514,"INR"
Prod298,Cus001,Mark001,2019-04-18,2,1514,"INR"
Prod298,Cus001,Mark001,2019-05-13,10,6060,"INR"
Prod298,Cus001,Mark001,2019-06-14,2,1514,"INR"
Prod298,Cus001,Mark001,2019-07-11,2,1514,"INR"
Prod298,Cus001,Mark001,2019-10-11,5,3028,"INR"
Prod298,Cus001,Mark001,2019-12-10,2,1514,"INR"
Prod298,Cus001,Mark001,2020-01-20,5,3028,"INR"
Prod298,Cus001,Mark001,2020-03-12,2,1514,"INR"
Prod298,Cus001,Mark001,2020-04-09,5,3028,"INR"
Prod298,Cus001,Mark001,2020-05-18,2,1514,"INR"
Prod300,Cus001,Mark001,2018-01-12,26,4704,"INR"
Prod300,Cus001,Mark001,2018-02-13,51,2991,"INR"
Prod300,Cus001,Mark001,2018-03-13,26,1495,"INR"
Prod300,Cus001,Mark001,2018-05-16,51,2991,"INR"
Prod300,Cus001,Mark001,2018-07-30,26,1495,"INR"
Prod300,Cus001,Mark001,2018-08-15,51,2991,"INR"
Prod300,Cus001,Mark001,2018-09-12,26,1495,"INR"
Prod300,Cus001,Mark001,2018-10-31,26,1495,"INR"
Prod300,Cus001,Mark001,2018-11-08,26,1495,"INR"
Prod300,Cus001,Mark001,2019-01-14,26,1495,"INR"
Prod300,Cus001,Mark001,2019-02-15,26,1495,"INR"
Prod300,Cus001,Mark001,2019-04-11,26,1495,"INR"
Prod300,Cus001,Mark001,2019-04-18,26,1495,"INR"
Prod300,Cus001,Mark001,2019-05-13,11,644,"INR"
Prod300,Cus001,Mark001,2019-05-28,15,856,"INR"
Prod300,Cus001,Mark001,2019-06-14,26,1495,"INR"
Prod300,Cus001,Mark001,2019-08-13,26,1495,"INR"
Prod300,Cus001,Mark001,2019-10-11,20,1167,"INR"
Prod300,Cus001,Mark001,2019-11-14,51,2991,"INR"
Prod300,Cus001,Mark001,2019-12-10,26,1495,"INR"
Prod300,Cus001,Mark001,2020-02-13,26,1495,"INR"
Prod300,Cus001,Mark001,2020-04-09,49,2856,"INR"
Prod300,Cus001,Mark001,2020-04-23,2,134,"INR"
Prod300,Cus001,Mark001,2020-05-20,26,1495,"INR"
Prod300,Cus001,Mark001,2020-06-12,26,1495,"INR"
Prod301,Cus001,Mark001,2017-10-20,2,769,"INR"
Prod301,Cus001,Mark001,2017-12-11,2,787,"INR"
Prod301,Cus001,Mark001,2018-01-12,2,787,"INR"
Prod301,Cus001,Mark001,2018-05-16,2,787,"INR"
Prod301,Cus001,Mark001,2018-08-31,2,787,"INR"
Prod301,Cus001,Mark001,2018-10-10,2,787,"INR"
Prod301,Cus001,Mark001,2018-12-06,2,787,"INR"
Prod301,Cus001,Mark001,2019-02-15,2,787,"INR"
Prod301,Cus001,Mark001,2019-03-21,2,787,"INR"
Prod301,Cus001,Mark001,2019-05-28,2,787,"INR"
Prod301,Cus001,Mark001,2019-07-11,5,1574,"INR"
Prod301,Cus001,Mark001,2019-12-10,2,787,"INR"
Prod301,Cus001,Mark001,2020-01-20,5,1574,"INR"
Prod301,Cus001,Mark001,2020-04-09,2,787,"INR"
Prod302,Cus001,Mark001,2017-10-10,1,51,"INR"
Prod302,Cus001,Mark001,2017-11-06,1,356,"INR"
Prod302,Cus001,Mark001,2017-12-11,2,560,"INR"
Prod302,Cus001,Mark001,2018-04-09,2,407,"INR"
Prod302,Cus001,Mark001,2018-06-11,3,713,"INR"
Prod302,Cus001,Mark001,2018-08-15,2,407,"INR"
Prod302,Cus001,Mark001,2018-12-06,4,1023,"INR"
Prod302,Cus001,Mark001,2019-03-21,2,458,"INR"
Prod302,Cus001,Mark001,2019-05-13,4,1023,"INR"
Prod302,Cus001,Mark001,2019-06-14,2,407,"INR"
Prod302,Cus001,Mark001,2019-11-14,2,407,"INR"
Prod302,Cus001,Mark001,2019-12-10,2,458,"INR"
Prod302,Cus001,Mark001,2020-05-18,2,560,"INR"
Prod303,Cus001,Mark001,2018-01-26,2,556,"INR"
Prod303,Cus001,Mark001,2018-04-12,2,556,"INR"
Prod303,Cus001,Mark001,2018-06-11,1,139,"INR"
Prod303,Cus001,Mark001,2018-08-15,9,3046,"INR"
Prod303,Cus001,Mark001,2018-09-12,1,139,"INR"
Prod303,Cus001,Mark001,2018-10-10,1,69,"INR"
Prod303,Cus001,Mark001,2018-11-08,4,1384,"INR"
Prod303,Cus001,Mark001,2018-12-06,3,1176,"INR"
Prod303,Cus001,Mark001,2019-01-10,2,625,"INR"
Prod303,Cus001,Mark001,2019-02-07,1,278,"INR"
Prod303,Cus001,Mark001,2019-06-07,3,1176,"INR"
Prod303,Cus001,Mark001,2019-07-11,2,625,"INR"
Prod303,Cus001,Mark001,2019-08-13,5,1731,"INR"
Prod303,Cus001,Mark001,2019-10-11,4,1245,"INR"
Prod303,Cus001,Mark001,2019-11-14,5,1731,"INR"
Prod303,Cus001,Mark001,2020-01-28,2,625,"INR"
Prod303,Cus001,Mark001,2020-03-12,1,417,"INR"
Prod303,Cus001,Mark001,2020-04-09,2,625,"INR"
Prod303,Cus001,Mark001,2020-06-18,1,486,"INR"
Prod304,Cus001,Mark001,2017-10-10,200,73880,"INR"
Prod304,Cus001,Mark001,2018-05-15,7,2750,"INR"
Prod304,Cus001,Mark001,2019-01-09,70,28870,"INR"
Prod304,Cus001,Mark001,2019-03-14,40,14778,"INR"
Prod304,Cus001,Mark001,2019-04-11,40,14778,"INR"
Prod304,Cus001,Mark001,2019-06-07,120,44329,"INR"
Prod308,Cus001,Mark001,2018-01-05,263,108606,"INR"
Prod308,Cus001,Mark001,2018-01-10,50,20620,"INR"
Prod308,Cus001,Mark001,2018-02-12,73,30245,"INR"
Prod308,Cus001,Mark001,2018-02-13,80,29551,"INR"
Prod308,Cus001,Mark001,2018-04-18,23,9625,"INR"
Prod308,Cus001,Mark001,2018-05-08,10,4125,"INR"
Prod308,Cus001,Mark001,2018-05-30,40,14778,"INR"
Prod308,Cus001,Mark001,2018-06-19,23,9625,"INR"
Prod308,Cus001,Mark001,2018-07-13,40,14778,"INR"
Prod308,Cus001,Mark001,2018-08-15,120,44329,"INR"
Prod308,Cus001,Mark001,2018-08-21,167,68736,"INR"
Prod308,Cus001,Mark001,2018-09-11,80,32995,"INR"
Prod308,Cus001,Mark001,2018-09-12,40,14778,"INR"
Prod308,Cus001,Mark001,2018-09-24,80,29551,"INR"
Prod308,Cus001,Mark001,2018-09-28,51,21032,"INR"
Prod308,Cus001,Mark001,2019-05-13,20,8250,"INR"
Prod308,Cus001,Mark001,2019-06-07,27,9852,"INR"
Prod308,Cus001,Mark001,2019-06-11,33,13745,"INR"
Prod308,Cus001,Mark001,2019-06-26,133,49255,"INR"
Prod308,Cus001,Mark001,2019-07-11,40,16495,"INR"
Prod308,Cus001,Mark001,2019-08-12,20,8250,"INR"
Prod308,Cus001,Mark001,2019-10-11,60,24745,"INR"
Prod308,Cus001,Mark001,2019-11-15,33,13745,"INR"
Prod308,Cus001,Mark001,2019-12-10,127,52241,"INR"
Prod308,Cus001,Mark001,2020-04-15,3,1375,"INR"
Prod308,Cus001,Mark001,2020-05-15,57,23370,"INR"
Prod308,Cus001,Mark001,2020-06-11,7,2750,"INR"
Prod310,Cus001,Mark001,2017-11-06,37,27222,"INR"
Prod310,Cus001,Mark001,2018-01-05,20,14847,"INR"
Prod310,Cus001,Mark001,2018-01-10,3,2477,"INR"
Prod310,Cus001,Mark001,2018-02-13,40,26602,"INR"
Prod310,Cus001,Mark001,2018-05-16,27,17736,"INR"
Prod310,Cus001,Mark001,2018-05-30,3,2218,"INR"
Prod310,Cus001,Mark001,2018-07-13,10,6648,"INR"
Prod310,Cus001,Mark001,2018-08-23,17,11083,"INR"
Prod310,Cus001,Mark001,2018-09-28,10,7426,"INR"
Prod310,Cus001,Mark001,2018-10-10,33,22167,"INR"
Prod310,Cus001,Mark001,2018-11-08,17,11083,"INR"
Prod310,Cus001,Mark001,2018-12-06,3,2218,"INR"
Prod310,Cus001,Mark001,2019-01-10,3,2218,"INR"
Prod310,Cus001,Mark001,2019-02-15,20,13301,"INR"
Prod310,Cus001,Mark001,2019-03-14,3,2218,"INR"
Prod310,Cus001,Mark001,2019-05-13,23,15519,"INR"
Prod310,Cus001,Mark001,2019-06-07,43,28819,"INR"
Prod310,Cus001,Mark001,2019-07-11,13,8866,"INR"
Prod310,Cus001,Mark001,2019-10-11,13,8866,"INR"
Prod310,Cus001,Mark001,2019-11-14,23,15519,"INR"
Prod316,Cus001,Mark001,2017-10-10,40,22167,"INR"
Prod316,Cus001,Mark001,2017-10-27,160,88657,"INR"
Prod316,Cus001,Mark001,2018-01-05,40,24745,"INR"
Prod316,Cus001,Mark001,2018-04-27,40,22167,"INR"
Prod316,Cus001,Mark001,2018-06-11,40,22167,"INR"
Prod316,Cus001,Mark001,2018-08-23,200,110819,"INR"
Prod316,Cus001,Mark001,2018-08-28,40,24745,"INR"
Prod316,Cus001,Mark001,2018-09-11,80,49491,"INR"
Prod316,Cus001,Mark001,2018-11-08,240,132986,"INR"
Prod316,Cus001,Mark001,2019-01-09,80,49491,"INR"
Prod316,Cus001,Mark001,2019-01-10,40,22167,"INR"
Prod316,Cus001,Mark001,2019-02-28,40,24745,"INR"
Prod316,Cus001,Mark001,2019-07-11,120,66491,"INR"
Prod316,Cus001,Mark001,2020-01-28,40,22167,"INR"
Prod316,Cus001,Mark001,2020-03-12,40,22167,"INR"
Prod316,Cus001,Mark001,2020-04-30,40,22167,"INR"
Prod319,Cus001,Mark001,2018-01-05,440,272204,"INR"
Prod319,Cus001,Mark001,2018-01-10,120,74236,"INR"
Prod319,Cus001,Mark001,2018-01-12,120,66491,"INR"
Prod319,Cus001,Mark001,2018-02-12,440,272204,"INR"
Prod319,Cus001,Mark001,2018-03-19,200,119722,"INR"
Prod319,Cus001,Mark001,2018-03-22,40,22167,"INR"
Prod319,Cus001,Mark001,2018-05-16,40,22167,"INR"
Prod319,Cus001,Mark001,2018-06-28,40,24745,"INR"
Prod319,Cus001,Mark001,2018-08-06,227,140227,"INR"
Prod319,Cus001,Mark001,2018-09-10,637,393866,"INR"
Prod319,Cus001,Mark001,2018-09-28,163,101046,"INR"
Prod319,Cus001,Mark001,2018-12-06,200,110819,"INR"
Prod319,Cus001,Mark001,2019-03-28,47,28870,"INR"
Prod319,Cus001,Mark001,2019-03-29,40,22167,"INR"
Prod319,Cus001,Mark001,2019-04-10,193,119602,"INR"
Prod319,Cus001,Mark001,2019-04-15,360,222708,"INR"
Prod319,Cus001,Mark001,2019-06-07,200,110819,"INR"
Prod319,Cus001,Mark001,2019-07-11,240,148472,"INR"
Prod319,Cus001,Mark001,2019-10-21,240,148472,"INR"
Prod319,Cus001,Mark001,2019-11-15,80,49491,"INR"
Prod319,Cus001,Mark001,2019-12-10,233,144347,"INR"
Prod319,Cus001,Mark001,2019-12-18,87,53616,"INR"
Prod319,Cus001,Mark001,2020-02-13,40,24745,"INR"
Prod319,Cus001,Mark001,2020-03-12,80,49491,"INR"
Prod319,Cus001,Mark001,2020-04-23,47,28870,"INR"
Prod319,Cus001,Mark001,2020-05-14,73,45366,"INR"
Prod319,Cus001,Mark001,2020-06-02,70,43306,"INR"
Prod319,Cus001,Mark001,2020-06-12,23,14435,"INR"
Prod319,Cus001,Mark001,2020-06-16,50,30931,"INR"
Prod319,Cus001,Mark001,2020-06-22,97,59801,"INR"
Prod324,Cus001,Mark001,2017-10-20,47,47417,"INR"
Prod324,Cus001,Mark001,2017-11-16,23,23708,"INR"
Prod324,Cus001,Mark001,2018-01-12,47,47417,"INR"
Prod324,Cus001,Mark001,2018-01-26,140,142250,"INR"
Prod324,Cus001,Mark001,2018-09-28,140,142250,"INR"
Prod324,Cus001,Mark001,2018-11-08,23,23708,"INR"
Prod324,Cus001,Mark001,2019-01-09,140,158819,"INR"
Prod324,Cus001,Mark001,2019-02-07,47,47417,"INR"
Prod324,Cus001,Mark001,2019-02-11,23,26468,"INR"
Prod324,Cus001,Mark001,2019-03-14,23,23708,"INR"
Prod324,Cus001,Mark001,2019-04-18,23,23708,"INR"
Prod324,Cus001,Mark001,2019-05-13,23,23708,"INR"
Prod324,Cus001,Mark001,2019-06-07,93,94833,"INR"
Prod324,Cus001,Mark001,2019-10-18,70,71125,"INR"
Prod328,Cus001,Mark001,2018-01-15,127,143694,"INR"
Prod328,Cus001,Mark001,2018-01-30,40,45375,"INR"
Prod328,Cus001,Mark001,2018-02-02,160,181509,"INR"
Prod328,Cus001,Mark001,2018-03-20,47,51009,"INR"
Prod328,Cus001,Mark001,2018-05-08,53,60505,"INR"
Prod328,Cus001,Mark001,2018-05-15,40,45375,"INR"
